Target,Average Recall,Average F1-Score,Average Accuracy
has_investment_product,0.9985597688995776,0.7880280203972644,0.650312431680297
has_credit_card,0.9093034128097242,0.834161745739066,0.758439113480602
has_fixed_deposit,0.9985625292869154,0.7887963058507893,0.6512499318634597
has_insurance,0.8063829787234043,0.6737817741687219,0.6559386050208277
